{
  "users": {
    "6281214281312@s.whatsapp.net": {
      "afkTime": -1,
      "afkReason": "",
      "limit": "Infinity"
    },
    "6285709712174@s.whatsapp.net": {
      "afkTime": -1,
      "afkReason": "",
      "limit": "Infinity"
    },
    "6282182928671@s.whatsapp.net": {
      "afkTime": -1,
      "afkReason": "",
      "limit": 100
    },
    "6282269516281@s.whatsapp.net": {
      "afkTime": -1,
      "afkReason": "",
      "limit": 100
    },
    "6285716728109@s.whatsapp.net": {
      "afkTime": -1,
      "afkReason": "",
      "limit": 100
    },
    "6289602620716@s.whatsapp.net": {
      "afkTime": -1,
      "afkReason": "",
      "limit": 100
    },
    "6285735818418@s.whatsapp.net": {
      "afkTime": -1,
      "afkReason": "",
      "limit": 100
    },
    "6289635110606@s.whatsapp.net": {
      "afkTime": -1,
      "afkReason": "",
      "limit": 100
    },
    "6285856929972@s.whatsapp.net": {
      "afkTime": -1,
      "afkReason": "",
      "limit": 100
    },
    "6285776968582@s.whatsapp.net": {
      "afkTime": -1,
      "afkReason": "",
      "limit": "Infinity"
    },
    "6287879819164@s.whatsapp.net": {
      "afkTime": -1,
      "afkReason": "",
      "limit": "Infinity"
    },
    "6281245131967@s.whatsapp.net": {
      "afkTime": -1,
      "afkReason": "",
      "limit": "Infinity"
    },
    "6282162308024@s.whatsapp.net": {
      "afkTime": -1,
      "afkReason": "",
      "limit": "Infinity"
    },
    "6283891282350@s.whatsapp.net": {
      "afkTime": -1,
      "afkReason": "",
      "limit": 100
    },
    "6283846819169@s.whatsapp.net": {
      "afkTime": -1,
      "afkReason": "",
      "limit": 100
    },
    "6283176492305@s.whatsapp.net": {
      "afkTime": -1,
      "afkReason": "",
      "limit": 100
    },
    "6285749520709@s.whatsapp.net": {
      "afkTime": -1,
      "afkReason": "",
      "limit": 100
    },
    "60189778573@s.whatsapp.net": {
      "afkTime": -1,
      "afkReason": "",
      "limit": 100
    },
    "6287896992510@s.whatsapp.net": {
      "afkTime": -1,
      "afkReason": "",
      "limit": 100
    },
    "15082976590@s.whatsapp.net": {
      "afkTime": -1,
      "afkReason": "",
      "limit": "Infinity"
    },
    "6285259475584@s.whatsapp.net": {
      "afkTime": -1,
      "afkReason": "",
      "limit": 100
    },
    "6285773352877@s.whatsapp.net": {
      "afkTime": -1,
      "afkReason": "",
      "limit": 100
    },
    "6281526134498@s.whatsapp.net": {
      "afkTime": -1,
      "afkReason": "",
      "limit": 100
    },
    "6281363013276@s.whatsapp.net": {
      "afkTime": -1,
      "afkReason": "",
      "limit": 100
    },
    "6285279880355@s.whatsapp.net": {
      "afkTime": -1,
      "afkReason": "",
      "limit": 100
    },
    "18607462593@s.whatsapp.net": {
      "afkTime": -1,
      "afkReason": "",
      "limit": "Infinity"
    },
    "6288293499014@s.whatsapp.net": {
      "afkTime": -1,
      "afkReason": "",
      "limit": 100
    },
    "6281350335449@s.whatsapp.net": {
      "afkTime": -1,
      "afkReason": "",
      "limit": 100
    },
    "62887436843330@s.whatsapp.net": {
      "afkTime": -1,
      "afkReason": "",
      "limit": 100
    },
    "60146701913@s.whatsapp.net": {
      "afkTime": -1,
      "afkReason": "",
      "limit": 100
    },
    "6285721561368@s.whatsapp.net": {
      "afkTime": -1,
      "afkReason": "",
      "limit": 100
    },
    "6287850198256@s.whatsapp.net": {
      "afkTime": -1,
      "afkReason": "",
      "limit": 100
    },
    "6285366676166@s.whatsapp.net": {
      "afkTime": -1,
      "afkReason": "",
      "limit": 100
    },
    "6285732361301@s.whatsapp.net": {
      "afkTime": -1,
      "afkReason": "",
      "limit": 100
    },
    "6287868505597@s.whatsapp.net": {
      "afkTime": -1,
      "afkReason": "",
      "limit": 100
    },
    "6283870585286@s.whatsapp.net": {
      "afkTime": -1,
      "afkReason": "",
      "limit": 100
    }
  },
  "chats": {
    "6281214281312@s.whatsapp.net": {
      "mute": false
    },
    "120363041426385506@g.us": {
      "mute": false
    },
    "120363042561799035@g.us": {
      "mute": false
    },
    "6285709712174@s.whatsapp.net": {
      "mute": false
    },
    "120363043318577732@g.us": {
      "mute": false
    },
    "120363042152728330@g.us": {
      "mute": false
    },
    "120363044556754545@g.us": {
      "mute": false
    },
    "120363025709730251@g.us": {
      "mute": false
    },
    "6285776968582@s.whatsapp.net": {
      "mute": false
    },
    "6285800674096@s.whatsapp.net": {
      "mute": false
    },
    "6287879819164@s.whatsapp.net": {
      "mute": false
    },
    "6281245131967@s.whatsapp.net": {
      "mute": false
    },
    "6282162308024@s.whatsapp.net": {
      "mute": false
    },
    "6281270975930@s.whatsapp.net": {
      "mute": false
    },
    "14168920080-1347559190@g.us": {
      "mute": false
    },
    "120363025810089430@g.us": {
      "mute": false
    },
    "6283176492305@s.whatsapp.net": {
      "mute": false
    },
    "15082976590@s.whatsapp.net": {
      "mute": false
    },
    "120363044581363172@g.us": {
      "mute": false
    },
    "6288293499014@s.whatsapp.net": {
      "mute": false
    },
    "18607462593@s.whatsapp.net": {
      "mute": false
    },
    "120363043571244896@g.us": {
      "mute": false
    },
    "6287776985031@s.whatsapp.net": {
      "mute": false
    },
    "60146701913@s.whatsapp.net": {
      "mute": false
    },
    "120363043348123755@g.us": {
      "mute": false
    },
    "120363044657262479@g.us": {
      "mute": false
    }
  },
  "database": {},
  "settings": {
    "6281214281312@s.whatsapp.net": {
      "status": 0,
      "templateImage": true,
      "templateVideo": false,
      "templateGif": false,
      "templateMsg": false,
      "available": false,
      "composing": false,
      "recording": false
    },
    "6285709712174@s.whatsapp.net": {
      "available": true,
      "composing": false,
      "recording": false
    },
    "6285776968582@s.whatsapp.net": {
      "available": true,
      "composing": false,
      "recording": false
    },
    "6287879819164@s.whatsapp.net": {
      "available": true,
      "composing": false,
      "recording": false
    },
    "6281245131967@s.whatsapp.net": {
      "available": true,
      "composing": false,
      "recording": false
    },
    "6282162308024@s.whatsapp.net": {
      "available": true,
      "composing": false,
      "recording": false
    },
    "15082976590@s.whatsapp.net": {
      "available": true,
      "composing": false,
      "recording": false
    },
    "18607462593@s.whatsapp.net": {
      "available": true,
      "composing": false,
      "recording": false
    },
    "6288293499014@s.whatsapp.net": {
      "available": true,
      "composing": false,
      "recording": false
    }
  },
  "others": {
    "vote": []
  },
  "sticker": {},
  "game": {
    "tebaklagu": [],
    "family100": [],
    "math": [],
    "tebakgambar": [],
    "tebakkata": [],
    "lontong": [],
    "lontong_desk": [],
    "kalimat": [],
    "lirik": [],
    "tebakan": []
  }
}